{
  "project_info": {
    "project_number": "869868887554",
    "firebase_url": "https://lajoya-e53a4.firebaseio.com",
    "project_id": "lajoya-e53a4",
    "storage_bucket": "lajoya-e53a4.appspot.com"
  },
  "client": [
    {
      "client_info": {
        "mobilesdk_app_id": "1:869868887554:android:e6f70f640f150db749111b",
        "android_client_info": {
          "package_name": "com.example.lajoya"
        }
      },
      "oauth_client": [
        {
          "client_id": "869868887554-5lha9fd2ge39fdi24m66cbek7f5g37pc.apps.googleusercontent.com",
          "client_type": 1,
          "android_info": {
            "package_name": "com.example.lajoya",
            "certificate_hash": "123c6c7c17eff95678a7feaf4fb9bcce0277e9f0"
          }
        },
        {
          "client_id": "869868887554-0qfebbesgo2brn86jia94a8gl5p746jb.apps.googleusercontent.com",
          "client_type": 3
        }
      ],
      "api_key": [
        {
          "current_key": "AIzaSyBS2DsxMpKE-8xqABU2GtX3w7Cz0i46M5k"
        }
      ],
      "services": {
        "appinvite_service": {
          "other_platform_oauth_client": [
            {
              "client_id": "869868887554-0qfebbesgo2brn86jia94a8gl5p746jb.apps.googleusercontent.com",
              "client_type": 3
            }
          ]
        }
      }
    }
  ],
  "configuration_version": "1"
}